Type,Key,VersionId,LastModified
Object,docs/028c95e08a2d8fa1a09ccfe55f54b56419e45bc053eaa09a5f2a787f36f5aaf01675793850.pdf,siUGGBT9VKL5PAGqYsZz2fY8OhufHyTJ,2023-02-07 18:17:31+00:00
Object,docs/030b12da13351ab4570722e7456c4acb04b2ff1e977472db5a32111f3e40a1311675801797.pdf,X7BQ9uFTU989ZXn4t38cqT5pbYlLcBYH,2023-02-07 20:29:59+00:00
Object,docs/05d6c54df6b2c13e63db74d356086ba66ed0fe82ddc741d124d448d2bd4a14a91675820177.pdf,pA8wyOxyy7Xi1jbJQK475ZHZ_wnS4plV,2023-02-08 01:36:18+00:00
Object,docs/0621d0f690154a72cbca01f60b6a787c081ab44fffa0376c6e084eb0e97671ed1675799636.pdf,y7kTcbyJpCbmuqEPBh3chvHLtAdE_xTv,2023-02-07 19:53:57+00:00
Object,docs/07b6d88668f3875cb3f12634cfb300c98351074da8e731b997d042e8c68084a91675805307.pdf,rFBMuTNI6MmnBHBfqbN1kYwtWgd0z1.2,2023-02-07 21:28:28+00:00
Object,docs/07e2c8898fd96e76320dc5d7183ef5e2bfabc3a305626797dbc1517e46d50c8a1675888073.png,WaxfuVLsutXO3CuSN.a3VvSM2HAsYkaZ,2023-02-08 20:27:55+00:00
Object,docs/0867b1e8b0aed29544d06d6f27791c66e210a91e38a4e120a31a896996164ee31675876876.png,ApaQ6O5URnnLoqOOzvI2yeTanrC5M73V,2023-02-08 17:21:17+00:00
Object,docs/0867b1e8b0aed29544d06d6f27791c66e210a91e38a4e120a31a896996164ee31675876911.png,HgAs8NDbKhjj0eUC9r2yy3AprVY779Mg,2023-02-08 17:21:52+00:00
Object,docs/0b53f5621f3bfb9e10a5ccf15eca724245f6c8cc314752ce3c3f0c904de7ab281675876255.pdf,5G6sWe1yQdq3QrjpTQ2MvRsdySOyQk7T,2023-02-08 17:10:56+00:00
Object,docs/0b53f5621f3bfb9e10a5ccf15eca724245f6c8cc314752ce3c3f0c904de7ab281675876349.pdf,UQpTAS.Ald7SJdWdWcZbqu.2sv761B65,2023-02-08 17:12:30+00:00
Object,docs/0bd9a0f7728ff3be79cc26879f6a1cfb0fab93d5de16bf08307e7005143791c41675805013.pdf,2uI1aREtgRgh9MK2.I2a9RvtiXUOHYMd,2023-02-07 21:23:34+00:00
Object,docs/0c07580b7cf9373135f0c2933490d3521d0a9fba2aaa382a7cb32d9e34f0baac1675885099.pdf,V5HTkgBwG2X7tktiEY1RIe9xnoEluPOh,2023-02-08 19:38:20+00:00
Object,docs/0d927365ff4be9f1f86eb7b7df07f07f10a006dd12fc555c5d05a37b372c5dd11675799001.pdf,waKKbroxXhB7CDKy2FhbhDvodCBICeUc,2023-02-07 19:43:23+00:00
Object,docs/0d927365ff4be9f1f86eb7b7df07f07f10a006dd12fc555c5d05a37b372c5dd11675809211.pdf,Nck3jTFd82EbPVoruSi.JfdX.8IrZxH7,2023-02-07 22:33:32+00:00
Object,docs/0d927365ff4be9f1f86eb7b7df07f07f10a006dd12fc555c5d05a37b372c5dd11675888803.pdf,X96yqPv43Y2bEVfbbsCgjKMyHwEtU3_g,2023-02-08 20:40:04+00:00
